"id","name","Rate_of_X","DOY","date"
"1","Gandarilla-Perez, Jaylynn","0.0507754998993802","1","19724"
"1","Gandarilla-Perez, Jaylynn","0.0613838955617274","17","19740"
"1","Gandarilla-Perez, Jaylynn","0.0681343895442625","33","19756"
"1","Gandarilla-Perez, Jaylynn","0.0755070766727762","48","19771"
"1","Gandarilla-Perez, Jaylynn","0.0802683103300815","64","19787"
"1","Gandarilla-Perez, Jaylynn","0.0874469665896319","80","19803"
"1","Gandarilla-Perez, Jaylynn","0.0889563239145697","96","19819"
"1","Gandarilla-Perez, Jaylynn","0.0897696113552589","112","19835"
"1","Gandarilla-Perez, Jaylynn","0.0904054483501166","128","19851"
"1","Gandarilla-Perez, Jaylynn","0.0898321350199916","143","19866"
"1","Gandarilla-Perez, Jaylynn","0.0871963028885446","159","19882"
"1","Gandarilla-Perez, Jaylynn","0.0803117546297632","175","19898"
"1","Gandarilla-Perez, Jaylynn","0.0759723815603899","191","19914"
"1","Gandarilla-Perez, Jaylynn","0.068153792065016","207","19930"
"1","Gandarilla-Perez, Jaylynn","0.0608457426925269","223","19946"
"1","Gandarilla-Perez, Jaylynn","0.0526205381004736","238","19961"
"1","Gandarilla-Perez, Jaylynn","0.0458991088474171","254","19977"
"1","Gandarilla-Perez, Jaylynn","0.0381909117042683","270","19993"
"1","Gandarilla-Perez, Jaylynn","0.0312671525860587","286","20009"
"1","Gandarilla-Perez, Jaylynn","0.0249565815059011","302","20025"
"1","Gandarilla-Perez, Jaylynn","0.0199105996556119","318","20041"
"1","Gandarilla-Perez, Jaylynn","0.0163924321568551","333","20056"
"1","Gandarilla-Perez, Jaylynn","0.0102437362442961","349","20072"
"1","Gandarilla-Perez, Jaylynn","0.00789883357037112","365","20088"
"2","Morales, Ricardo","0.246987091405035","1","19724"
"2","Morales, Ricardo","0.253501412321428","17","19740"
"2","Morales, Ricardo","0.256184241711355","33","19756"
"2","Morales, Ricardo","0.256183467108332","48","19771"
"2","Morales, Ricardo","0.250295959456987","64","19787"
"2","Morales, Ricardo","0.241872282043009","80","19803"
"2","Morales, Ricardo","0.22993969773384","96","19819"
"2","Morales, Ricardo","0.213414717294083","112","19835"
"2","Morales, Ricardo","0.196418773449499","128","19851"
"2","Morales, Ricardo","0.175218276983483","143","19866"
"2","Morales, Ricardo","0.155871189268702","159","19882"
"2","Morales, Ricardo","0.136559339289248","175","19898"
"2","Morales, Ricardo","0.11162919438256","191","19914"
"2","Morales, Ricardo","0.092750608837236","207","19930"
"2","Morales, Ricardo","0.0757454778100401","223","19946"
"2","Morales, Ricardo","0.0592541911231667","238","19961"
"2","Morales, Ricardo","0.0459782560604061","254","19977"
"2","Morales, Ricardo","0.0347183593972271","270","19993"
"2","Morales, Ricardo","0.0255807198670164","286","20009"
"2","Morales, Ricardo","0.0177490167143057","302","20025"
"2","Morales, Ricardo","0.0113176275637195","318","20041"
"2","Morales, Ricardo","0.00882348745296835","333","20056"
"2","Morales, Ricardo","0.00770252480000836","349","20072"
"2","Morales, Ricardo","0.00297513578190976","365","20088"
"3","Valquier-Salas, Marissa","0.036071705199132","1","19724"
"3","Valquier-Salas, Marissa","0.0427279811218505","17","19740"
"3","Valquier-Salas, Marissa","0.051833026743471","33","19756"
"3","Valquier-Salas, Marissa","0.0607683955728771","48","19771"
"3","Valquier-Salas, Marissa","0.0697988281599395","64","19787"
"3","Valquier-Salas, Marissa","0.0804599658035041","80","19803"
"3","Valquier-Salas, Marissa","0.0884227341241254","96","19819"
"3","Valquier-Salas, Marissa","0.097556455482283","112","19835"
"3","Valquier-Salas, Marissa","0.10326054442451","128","19851"
"3","Valquier-Salas, Marissa","0.109589402679608","143","19866"
"3","Valquier-Salas, Marissa","0.114178685681449","159","19882"
"3","Valquier-Salas, Marissa","0.116125155814755","175","19898"
"3","Valquier-Salas, Marissa","0.116723415449226","191","19914"
"3","Valquier-Salas, Marissa","0.115021900484829","207","19930"
"3","Valquier-Salas, Marissa","0.112056136797492","223","19946"
"3","Valquier-Salas, Marissa","0.108175211398263","238","19961"
"3","Valquier-Salas, Marissa","0.100470341003154","254","19977"
"3","Valquier-Salas, Marissa","0.0933791898519844","270","19993"
"3","Valquier-Salas, Marissa","0.0849579947874709","286","20009"
"3","Valquier-Salas, Marissa","0.0746837771058551","302","20025"
"3","Valquier-Salas, Marissa","0.0674796022699106","318","20041"
"3","Valquier-Salas, Marissa","0.0573404234139387","333","20056"
"3","Valquier-Salas, Marissa","0.0488225348202879","349","20072"
"3","Valquier-Salas, Marissa","0.0418522330028313","365","20088"
"4","Castorena, Desna","0.45690205055785","1","19724"
"4","Castorena, Desna","0.474937195130939","17","19740"
"4","Castorena, Desna","0.487379628459747","33","19756"
"4","Castorena, Desna","0.493458720791761","48","19771"
"4","Castorena, Desna","0.497547459287355","64","19787"
"4","Castorena, Desna","0.494948530590149","80","19803"
"4","Castorena, Desna","0.489115970809913","96","19819"
"4","Castorena, Desna","0.476185514380625","112","19835"
"4","Castorena, Desna","0.460187616980903","128","19851"
"4","Castorena, Desna","0.441972460309102","143","19866"
"4","Castorena, Desna","0.414101853649253","159","19882"
"4","Castorena, Desna","0.384614341932058","175","19898"
"4","Castorena, Desna","0.349358426607915","191","19914"
"4","Castorena, Desna","0.312743983861912","207","19930"
"4","Castorena, Desna","0.274701931234455","223","19946"
"4","Castorena, Desna","0.2357450655305","238","19961"
"4","Castorena, Desna","0.196917219981273","254","19977"
"4","Castorena, Desna","0.162185815556807","270","19993"
"4","Castorena, Desna","0.128830122066159","286","20009"
"4","Castorena, Desna","0.100074494414391","302","20025"
"4","Castorena, Desna","0.0735181057206737","318","20041"
"4","Castorena, Desna","0.0561140154629396","333","20056"
"4","Castorena, Desna","0.0413630510888122","349","20072"
"4","Castorena, Desna","0.0280653077789439","365","20088"
"5","Moralez, Nicolas","0.285178827832299","1","19724"
"5","Moralez, Nicolas","0.305326986074083","17","19740"
"5","Moralez, Nicolas","0.32159676238203","33","19756"
"5","Moralez, Nicolas","0.330847908111849","48","19771"
"5","Moralez, Nicolas","0.342120277483453","64","19787"
"5","Moralez, Nicolas","0.349940648841167","80","19803"
"5","Moralez, Nicolas","0.352935557453624","96","19819"
"5","Moralez, Nicolas","0.34866084325814","112","19835"
"5","Moralez, Nicolas","0.34306574520637","128","19851"
"5","Moralez, Nicolas","0.332909566150831","143","19866"
"5","Moralez, Nicolas","0.320988226846405","159","19882"
"5","Moralez, Nicolas","0.304936118316571","175","19898"
"5","Moralez, Nicolas","0.28546289964596","191","19914"
"5","Moralez, Nicolas","0.264039518071354","207","19930"
"5","Moralez, Nicolas","0.238407154465201","223","19946"
"5","Moralez, Nicolas","0.21582109335262","238","19961"
"5","Moralez, Nicolas","0.189008857735559","254","19977"
"5","Moralez, Nicolas","0.165566449962036","270","19993"
"5","Moralez, Nicolas","0.138461919240854","286","20009"
"5","Moralez, Nicolas","0.1146662214271","302","20025"
"5","Moralez, Nicolas","0.093202432613795","318","20041"
"5","Moralez, Nicolas","0.0741715782222661","333","20056"
"5","Moralez, Nicolas","0.0605642155411584","349","20072"
"5","Moralez, Nicolas","0.0463799108449263","365","20088"
"6","Gonzales, Alexis","0.0184562498188104","1","19724"
"6","Gonzales, Alexis","0.0204378796935319","17","19740"
"6","Gonzales, Alexis","0.0244173916984266","33","19756"
"6","Gonzales, Alexis","0.0272837905637946","48","19771"
"6","Gonzales, Alexis","0.0329593486943717","64","19787"
"6","Gonzales, Alexis","0.0333411679496025","80","19803"
"6","Gonzales, Alexis","0.0386893541614831","96","19819"
"6","Gonzales, Alexis","0.0417765578294742","112","19835"
"6","Gonzales, Alexis","0.0450294763053399","128","19851"
"6","Gonzales, Alexis","0.0450707188811718","143","19866"
"6","Gonzales, Alexis","0.0490393461123361","159","19882"
"6","Gonzales, Alexis","0.0519562900005407","175","19898"
"6","Gonzales, Alexis","0.0490569018420118","191","19914"
"6","Gonzales, Alexis","0.0506992400595069","207","19930"
"6","Gonzales, Alexis","0.0503599164544884","223","19946"
"6","Gonzales, Alexis","0.0517547675164106","238","19961"
"6","Gonzales, Alexis","0.0496233816245453","254","19977"
"6","Gonzales, Alexis","0.0480574763318121","270","19993"
"6","Gonzales, Alexis","0.0443491240275263","286","20009"
"6","Gonzales, Alexis","0.042488909474377","302","20025"
"6","Gonzales, Alexis","0.0372598318568008","318","20041"
"6","Gonzales, Alexis","0.0365695728616988","333","20056"
"6","Gonzales, Alexis","0.0336412966112931","349","20072"
"6","Gonzales, Alexis","0.0291990727550399","365","20088"
"7","Camarena, Sabrina","0.0148051204651861","1","19724"
"7","Camarena, Sabrina","0.019910898093921","17","19740"
"7","Camarena, Sabrina","0.0204317933560514","33","19756"
"7","Camarena, Sabrina","0.0234463065716068","48","19771"
"7","Camarena, Sabrina","0.0278774789845557","64","19787"
"7","Camarena, Sabrina","0.0346288249156632","80","19803"
"7","Camarena, Sabrina","0.0355513909359728","96","19819"
"7","Camarena, Sabrina","0.0363543327820273","112","19835"
"7","Camarena, Sabrina","0.0445951805275153","128","19851"
"7","Camarena, Sabrina","0.0457376353013482","143","19866"
"7","Camarena, Sabrina","0.0456083054701937","159","19882"
"7","Camarena, Sabrina","0.0486346439400077","175","19898"
"7","Camarena, Sabrina","0.0467320705873202","191","19914"
"7","Camarena, Sabrina","0.0474994238182046","207","19930"
"7","Camarena, Sabrina","0.0441730655282729","223","19946"
"7","Camarena, Sabrina","0.0422834092157094","238","19961"
"7","Camarena, Sabrina","0.0388464539110664","254","19977"
"7","Camarena, Sabrina","0.0365188813671017","270","19993"
"7","Camarena, Sabrina","0.0333250742499824","286","20009"
"7","Camarena, Sabrina","0.0283350240951971","302","20025"
"7","Camarena, Sabrina","0.02413928530098","318","20041"
"7","Camarena, Sabrina","0.0207716693593538","333","20056"
"7","Camarena, Sabrina","0.0181579618377543","349","20072"
"7","Camarena, Sabrina","0.0145242153396765","365","20088"
"8","Perez, Valeria","0.00287321960637927","1","19724"
"8","Perez, Valeria","0.00500749855438221","17","19740"
"8","Perez, Valeria","0.00480271658593441","33","19756"
"8","Perez, Valeria","0.00573609754062821","48","19771"
"8","Perez, Valeria","0.00730146818838733","64","19787"
"8","Perez, Valeria","0.00864979858839503","80","19803"
"8","Perez, Valeria","0.00951546578534277","96","19819"
"8","Perez, Valeria","0.0119671025826988","112","19835"
"8","Perez, Valeria","0.0149634952751541","128","19851"
"8","Perez, Valeria","0.0177262465335676","143","19866"
"8","Perez, Valeria","0.0189951692347435","159","19882"
"8","Perez, Valeria","0.0223962859664918","175","19898"
"8","Perez, Valeria","0.0233902829671533","191","19914"
"8","Perez, Valeria","0.0281620563627858","207","19930"
"8","Perez, Valeria","0.0294450282602461","223","19946"
"8","Perez, Valeria","0.0319957944173693","238","19961"
"8","Perez, Valeria","0.0336061531028965","254","19977"
"8","Perez, Valeria","0.0353976337504994","270","19993"
"8","Perez, Valeria","0.0375671012174449","286","20009"
"8","Perez, Valeria","0.0374703504094361","302","20025"
"8","Perez, Valeria","0.0384189982841995","318","20041"
"8","Perez, Valeria","0.038913314501823","333","20056"
"8","Perez, Valeria","0.0385700638193225","349","20072"
"8","Perez, Valeria","0.0355076349313448","365","20088"
"9","Brown, Isabel","0.35043376219252","1","19724"
"9","Brown, Isabel","0.365792070315846","17","19740"
"9","Brown, Isabel","0.374208741317694","33","19756"
"9","Brown, Isabel","0.377017989646514","48","19771"
"9","Brown, Isabel","0.376445233072946","64","19787"
"9","Brown, Isabel","0.370591810000169","80","19803"
"9","Brown, Isabel","0.357175140996394","96","19819"
"9","Brown, Isabel","0.340771163879789","112","19835"
"9","Brown, Isabel","0.317646803817471","128","19851"
"9","Brown, Isabel","0.29435348630172","143","19866"
"9","Brown, Isabel","0.265584522270439","159","19882"
"9","Brown, Isabel","0.237309921413155","175","19898"
"9","Brown, Isabel","0.205264649689606","191","19914"
"9","Brown, Isabel","0.174070474278252","207","19930"
"9","Brown, Isabel","0.142913620331333","223","19946"
"9","Brown, Isabel","0.117336146770219","238","19961"
"9","Brown, Isabel","0.0901794709321121","254","19977"
"9","Brown, Isabel","0.0685344098396593","270","19993"
"9","Brown, Isabel","0.0504859857457632","286","20009"
"9","Brown, Isabel","0.0368565883893219","302","20025"
"9","Brown, Isabel","0.0268179423347154","318","20041"
"9","Brown, Isabel","0.0174113262824348","333","20056"
"9","Brown, Isabel","0.0127634935458805","349","20072"
"9","Brown, Isabel","0.00715144297161929","365","20088"
"10","Herrera, Arianny","0.257703007659933","1","19724"
"10","Herrera, Arianny","0.264427631317302","17","19740"
"10","Herrera, Arianny","0.267060000531528","33","19756"
"10","Herrera, Arianny","0.267262898836578","48","19771"
"10","Herrera, Arianny","0.264229753733133","64","19787"
"10","Herrera, Arianny","0.259417797384116","80","19803"
"10","Herrera, Arianny","0.247724331332631","96","19819"
"10","Herrera, Arianny","0.236898783701001","112","19835"
"10","Herrera, Arianny","0.221321908409218","128","19851"
"10","Herrera, Arianny","0.207618025350487","143","19866"
"10","Herrera, Arianny","0.188543985986694","159","19882"
"10","Herrera, Arianny","0.169744759165249","175","19898"
"10","Herrera, Arianny","0.150204641995075","191","19914"
"10","Herrera, Arianny","0.128686025740807","207","19930"
"10","Herrera, Arianny","0.109312881208427","223","19946"
"10","Herrera, Arianny","0.0954013689015731","238","19961"
"10","Herrera, Arianny","0.0752814184633437","254","19977"
"10","Herrera, Arianny","0.0615276523553219","270","19993"
"10","Herrera, Arianny","0.0493459584800595","286","20009"
"10","Herrera, Arianny","0.0388956068712419","302","20025"
"10","Herrera, Arianny","0.0294137697163562","318","20041"
"10","Herrera, Arianny","0.0232827718190376","333","20056"
"10","Herrera, Arianny","0.0170373724666055","349","20072"
"10","Herrera, Arianny","0.0124604733004338","365","20088"
"11","Rodriguez, Domonique","0.0122640200337047","1","19724"
"11","Rodriguez, Domonique","0.0143823798161537","17","19740"
"11","Rodriguez, Domonique","0.0177661158252909","33","19756"
"11","Rodriguez, Domonique","0.0208751180189744","48","19771"
"11","Rodriguez, Domonique","0.0221310292881887","64","19787"
"11","Rodriguez, Domonique","0.0250775962394255","80","19803"
"11","Rodriguez, Domonique","0.0298805928659995","96","19819"
"11","Rodriguez, Domonique","0.0337431346656965","112","19835"
"11","Rodriguez, Domonique","0.0336877221632716","128","19851"
"11","Rodriguez, Domonique","0.0352253825459425","143","19866"
"11","Rodriguez, Domonique","0.0349017601858884","159","19882"
"11","Rodriguez, Domonique","0.0349243688230503","175","19898"
"11","Rodriguez, Domonique","0.0306790352676109","191","19914"
"11","Rodriguez, Domonique","0.0307712962726889","207","19930"
"11","Rodriguez, Domonique","0.028287001432239","223","19946"
"11","Rodriguez, Domonique","0.0253676073275003","238","19961"
"11","Rodriguez, Domonique","0.0234505550601213","254","19977"
"11","Rodriguez, Domonique","0.0186232938421484","270","19993"
"11","Rodriguez, Domonique","0.0167130505356474","286","20009"
"11","Rodriguez, Domonique","0.0127196256293212","302","20025"
"11","Rodriguez, Domonique","0.0101051016470691","318","20041"
"11","Rodriguez, Domonique","0.00878953785180229","333","20056"
"11","Rodriguez, Domonique","0.0075698200645141","349","20072"
"11","Rodriguez, Domonique","0.00485979836993097","365","20088"
"12","Marquez Rodriguez, Alejandra","0.211067273964452","1","19724"
"12","Marquez Rodriguez, Alejandra","0.24566889208245","17","19740"
"12","Marquez Rodriguez, Alejandra","0.282472780872261","33","19756"
"12","Marquez Rodriguez, Alejandra","0.316833422979476","48","19771"
"12","Marquez Rodriguez, Alejandra","0.35786946018292","64","19787"
"12","Marquez Rodriguez, Alejandra","0.397704360183855","80","19803"
"12","Marquez Rodriguez, Alejandra","0.435803984181115","96","19819"
"12","Marquez Rodriguez, Alejandra","0.47590661405103","112","19835"
"12","Marquez Rodriguez, Alejandra","0.51269153889195","128","19851"
"12","Marquez Rodriguez, Alejandra","0.550043036649661","143","19866"
"12","Marquez Rodriguez, Alejandra","0.582458587079857","159","19882"
"12","Marquez Rodriguez, Alejandra","0.615085994405544","175","19898"
"12","Marquez Rodriguez, Alejandra","0.646634371383026","191","19914"
"12","Marquez Rodriguez, Alejandra","0.675113364517415","207","19930"
"12","Marquez Rodriguez, Alejandra","0.699367199991465","223","19946"
"12","Marquez Rodriguez, Alejandra","0.719631881342805","238","19961"
"12","Marquez Rodriguez, Alejandra","0.742245091329572","254","19977"
"12","Marquez Rodriguez, Alejandra","0.761017330313004","270","19993"
"12","Marquez Rodriguez, Alejandra","0.777552130174501","286","20009"
"12","Marquez Rodriguez, Alejandra","0.792872383357251","302","20025"
"12","Marquez Rodriguez, Alejandra","0.807934548495181","318","20041"
"12","Marquez Rodriguez, Alejandra","0.817572974865976","333","20056"
"12","Marquez Rodriguez, Alejandra","0.828140800137453","349","20072"
"12","Marquez Rodriguez, Alejandra","0.83856766856874","365","20088"
"13","Leyva Lerma, Juan","0.142078932157715","1","19724"
"13","Leyva Lerma, Juan","0.165186559263235","17","19740"
"13","Leyva Lerma, Juan","0.185004240634846","33","19756"
"13","Leyva Lerma, Juan","0.201958578922439","48","19771"
"13","Leyva Lerma, Juan","0.214488230927424","64","19787"
"13","Leyva Lerma, Juan","0.223438409165788","80","19803"
"13","Leyva Lerma, Juan","0.229690012013217","96","19819"
"13","Leyva Lerma, Juan","0.232034604626569","112","19835"
"13","Leyva Lerma, Juan","0.226740057668229","128","19851"
"13","Leyva Lerma, Juan","0.217495986271898","143","19866"
"13","Leyva Lerma, Juan","0.202936208165318","159","19882"
"13","Leyva Lerma, Juan","0.1861207184988","175","19898"
"13","Leyva Lerma, Juan","0.164683733631059","191","19914"
"13","Leyva Lerma, Juan","0.14425360036949","207","19930"
"13","Leyva Lerma, Juan","0.121792382111008","223","19946"
"13","Leyva Lerma, Juan","0.0994138115380471","238","19961"
"13","Leyva Lerma, Juan","0.0805355103852361","254","19977"
"13","Leyva Lerma, Juan","0.0624324333174914","270","19993"
"13","Leyva Lerma, Juan","0.0465225208971616","286","20009"
"13","Leyva Lerma, Juan","0.0336852478917095","302","20025"
"13","Leyva Lerma, Juan","0.0239675825013592","318","20041"
"13","Leyva Lerma, Juan","0.016700909996373","333","20056"
"13","Leyva Lerma, Juan","0.0116541972431062","349","20072"
"13","Leyva Lerma, Juan","0.00826359445334996","365","20088"
"14","Trujillo, Miguel","0.0531979021738733","1","19724"
"14","Trujillo, Miguel","0.0656319708959967","17","19740"
"14","Trujillo, Miguel","0.0801373209649963","33","19756"
"14","Trujillo, Miguel","0.0956787196915826","48","19771"
"14","Trujillo, Miguel","0.109770246435673","64","19787"
"14","Trujillo, Miguel","0.1258590150257","80","19803"
"14","Trujillo, Miguel","0.139607522696741","96","19819"
"14","Trujillo, Miguel","0.151512292842877","112","19835"
"14","Trujillo, Miguel","0.162799054203871","128","19851"
"14","Trujillo, Miguel","0.171457985120194","143","19866"
"14","Trujillo, Miguel","0.175104530049561","159","19882"
"14","Trujillo, Miguel","0.178414599793074","175","19898"
"14","Trujillo, Miguel","0.179202978748957","191","19914"
"14","Trujillo, Miguel","0.17214018048062","207","19930"
"14","Trujillo, Miguel","0.162830706689537","223","19946"
"14","Trujillo, Miguel","0.156207905484141","238","19961"
"14","Trujillo, Miguel","0.144153477981499","254","19977"
"14","Trujillo, Miguel","0.128344569246348","270","19993"
"14","Trujillo, Miguel","0.115430741733058","286","20009"
"14","Trujillo, Miguel","0.0993724425630938","302","20025"
"14","Trujillo, Miguel","0.0837218135131164","318","20041"
"14","Trujillo, Miguel","0.0694276479618417","333","20056"
"14","Trujillo, Miguel","0.0570920523302336","349","20072"
"14","Trujillo, Miguel","0.0413322698313845","365","20088"
"15","Casaus, Eileen","0.0815252400968322","1","19724"
"15","Casaus, Eileen","0.0828569918923548","17","19740"
"15","Casaus, Eileen","0.080496326458256","33","19756"
"15","Casaus, Eileen","0.0776008868447809","48","19771"
"15","Casaus, Eileen","0.0723842766757038","64","19787"
"15","Casaus, Eileen","0.0679986058039987","80","19803"
"15","Casaus, Eileen","0.063070162908503","96","19819"
"15","Casaus, Eileen","0.0560529112917172","112","19835"
"15","Casaus, Eileen","0.0493317448474706","128","19851"
"15","Casaus, Eileen","0.041829195875742","143","19866"
"15","Casaus, Eileen","0.0361241439344794","159","19882"
"15","Casaus, Eileen","0.0305292424786177","175","19898"
"15","Casaus, Eileen","0.0247786060582865","191","19914"
"15","Casaus, Eileen","0.0229715611157097","207","19930"
"15","Casaus, Eileen","0.0152206244574963","223","19946"
"15","Casaus, Eileen","0.0113011125840889","238","19961"
"15","Casaus, Eileen","0.00835954304577648","254","19977"
"15","Casaus, Eileen","0.00659016822511292","270","19993"
"15","Casaus, Eileen","0.00569779913925049","286","20009"
"15","Casaus, Eileen","0.00274093681424814","302","20025"
"15","Casaus, Eileen","0.00219928101541618","318","20041"
"15","Casaus, Eileen","0.00269230844939175","333","20056"
"15","Casaus, Eileen","0.00141728141196127","349","20072"
"15","Casaus, Eileen","0.000373749469901779","365","20088"
"16","Dominguez, Clara","0.0333641846360048","1","19724"
"16","Dominguez, Clara","0.0377967685408963","17","19740"
"16","Dominguez, Clara","0.0457055588464749","33","19756"
"16","Dominguez, Clara","0.0562832336819692","48","19771"
"16","Dominguez, Clara","0.0614071937454847","64","19787"
"16","Dominguez, Clara","0.069047217527692","80","19803"
"16","Dominguez, Clara","0.0766706948362369","96","19819"
"16","Dominguez, Clara","0.0858649943138117","112","19835"
"16","Dominguez, Clara","0.0930250676711872","128","19851"
"16","Dominguez, Clara","0.0970442825065295","143","19866"
"16","Dominguez, Clara","0.101297243448408","159","19882"
"16","Dominguez, Clara","0.107238646191194","175","19898"
"16","Dominguez, Clara","0.105351726865414","191","19914"
"16","Dominguez, Clara","0.106064991485237","207","19930"
"16","Dominguez, Clara","0.102353580511902","223","19946"
"16","Dominguez, Clara","0.100320675898211","238","19961"
"16","Dominguez, Clara","0.0947682655750257","254","19977"
"16","Dominguez, Clara","0.0879738829037906","270","19993"
"16","Dominguez, Clara","0.0814146263759019","286","20009"
"16","Dominguez, Clara","0.0736266212236975","302","20025"
"16","Dominguez, Clara","0.0646297211991367","318","20041"
"16","Dominguez, Clara","0.0554805159335401","333","20056"
"16","Dominguez, Clara","0.0483826542784046","349","20072"
"16","Dominguez, Clara","0.0404012645180399","365","20088"
"17","Anaya Lozoya, Desiree","0.00560106811615259","1","19724"
"17","Anaya Lozoya, Desiree","0.0064023639787136","17","19740"
"17","Anaya Lozoya, Desiree","0.00774694331599693","33","19756"
"17","Anaya Lozoya, Desiree","0.0101032768530535","48","19771"
"17","Anaya Lozoya, Desiree","0.0145955991357576","64","19787"
"17","Anaya Lozoya, Desiree","0.0180113212066289","80","19803"
"17","Anaya Lozoya, Desiree","0.0188840491501387","96","19819"
"17","Anaya Lozoya, Desiree","0.0233842455356304","112","19835"
"17","Anaya Lozoya, Desiree","0.0299272585227291","128","19851"
"17","Anaya Lozoya, Desiree","0.0361679501985196","143","19866"
"17","Anaya Lozoya, Desiree","0.0418038504543913","159","19882"
"17","Anaya Lozoya, Desiree","0.0504581438237656","175","19898"
"17","Anaya Lozoya, Desiree","0.0601660592523593","191","19914"
"17","Anaya Lozoya, Desiree","0.0666089680479069","207","19930"
"17","Anaya Lozoya, Desiree","0.0807299350095448","223","19946"
"17","Anaya Lozoya, Desiree","0.0948722903168077","238","19961"
"17","Anaya Lozoya, Desiree","0.107953810030258","254","19977"
"17","Anaya Lozoya, Desiree","0.122095893043514","270","19993"
"17","Anaya Lozoya, Desiree","0.139973113024898","286","20009"
"17","Anaya Lozoya, Desiree","0.157383362640897","302","20025"
"17","Anaya Lozoya, Desiree","0.176477754869812","318","20041"
"17","Anaya Lozoya, Desiree","0.192779174981007","333","20056"
"17","Anaya Lozoya, Desiree","0.215238116309039","349","20072"
"17","Anaya Lozoya, Desiree","0.234346851095781","365","20088"
"18","Baca, Edgar","0.0163710507258385","1","19724"
"18","Baca, Edgar","0.0219044997963881","17","19740"
"18","Baca, Edgar","0.0269750866690711","33","19756"
"18","Baca, Edgar","0.0314781568990528","48","19771"
"18","Baca, Edgar","0.0380268068183079","64","19787"
"18","Baca, Edgar","0.0438674095748283","80","19803"
"18","Baca, Edgar","0.0504082736407659","96","19819"
"18","Baca, Edgar","0.0553543294293426","112","19835"
"18","Baca, Edgar","0.0591702262989621","128","19851"
"18","Baca, Edgar","0.0665943249200147","143","19866"
"18","Baca, Edgar","0.0707992590364825","159","19882"
"18","Baca, Edgar","0.0723168963648257","175","19898"
"18","Baca, Edgar","0.0755352063652859","191","19914"
"18","Baca, Edgar","0.0753345883167961","207","19930"
"18","Baca, Edgar","0.0750613276258444","223","19946"
"18","Baca, Edgar","0.0736248458141882","238","19961"
"18","Baca, Edgar","0.0697500507486637","254","19977"
"18","Baca, Edgar","0.0660818445670445","270","19993"
"18","Baca, Edgar","0.0620254983758336","286","20009"
"18","Baca, Edgar","0.056773511907134","302","20025"
"18","Baca, Edgar","0.0484546154500876","318","20041"
"18","Baca, Edgar","0.0433027373734446","333","20056"
"18","Baca, Edgar","0.0369085719435588","349","20072"
"18","Baca, Edgar","0.0326771564571755","365","20088"
"19","Lopez, Diana","0.155790201216505","1","19724"
"19","Lopez, Diana","0.157693343347434","17","19740"
"19","Lopez, Diana","0.15776760502634","33","19756"
"19","Lopez, Diana","0.15622277079699","48","19771"
"19","Lopez, Diana","0.151937390307282","64","19787"
"19","Lopez, Diana","0.14151884687361","80","19803"
"19","Lopez, Diana","0.135365071243764","96","19819"
"19","Lopez, Diana","0.12593791312159","112","19835"
"19","Lopez, Diana","0.117242519457564","128","19851"
"19","Lopez, Diana","0.104730893263092","143","19866"
"19","Lopez, Diana","0.0910493279228097","159","19882"
"19","Lopez, Diana","0.0818905100131114","175","19898"
"19","Lopez, Diana","0.0694120855053141","191","19914"
"19","Lopez, Diana","0.0575961383145667","207","19930"
"19","Lopez, Diana","0.0476962314502148","223","19946"
"19","Lopez, Diana","0.0396885477618335","238","19961"
"19","Lopez, Diana","0.0311492609277516","254","19977"
"19","Lopez, Diana","0.0228383601856621","270","19993"
"19","Lopez, Diana","0.0200317010193148","286","20009"
"19","Lopez, Diana","0.013776996770123","302","20025"
"19","Lopez, Diana","0.00933667572989314","318","20041"
"19","Lopez, Diana","0.00928241079994928","333","20056"
"19","Lopez, Diana","0.00407088860170884","349","20072"
"19","Lopez, Diana","0.00402731215217725","365","20088"
"20","Padilla, Mercedez","0.157608418227427","1","19724"
"20","Padilla, Mercedez","0.176973268676585","17","19740"
"20","Padilla, Mercedez","0.197838667428449","33","19756"
"20","Padilla, Mercedez","0.213500016177999","48","19771"
"20","Padilla, Mercedez","0.231946683401387","64","19787"
"20","Padilla, Mercedez","0.25098240112242","80","19803"
"20","Padilla, Mercedez","0.266496117726193","96","19819"
"20","Padilla, Mercedez","0.280850443817175","112","19835"
"20","Padilla, Mercedez","0.293723539716427","128","19851"
"20","Padilla, Mercedez","0.302737174315003","143","19866"
"20","Padilla, Mercedez","0.310682839602628","159","19882"
"20","Padilla, Mercedez","0.316048687617417","175","19898"
"20","Padilla, Mercedez","0.316430591724101","191","19914"
"20","Padilla, Mercedez","0.317030268253632","207","19930"
"20","Padilla, Mercedez","0.315271824245943","223","19946"
"20","Padilla, Mercedez","0.309378991701373","238","19961"
"20","Padilla, Mercedez","0.303089055360901","254","19977"
"20","Padilla, Mercedez","0.293863326263326","270","19993"
"20","Padilla, Mercedez","0.281093494297344","286","20009"
"20","Padilla, Mercedez","0.266197749266335","302","20025"
"20","Padilla, Mercedez","0.245689069267884","318","20041"
"20","Padilla, Mercedez","0.231811622420268","333","20056"
"20","Padilla, Mercedez","0.212599823322206","349","20072"
"20","Padilla, Mercedez","0.196287870618874","365","20088"
"21","Dominguez, Michael","0.135216600864288","1","19724"
"21","Dominguez, Michael","0.138985056039989","17","19740"
"21","Dominguez, Michael","0.143559283028459","33","19756"
"21","Dominguez, Michael","0.143646551054233","48","19771"
"21","Dominguez, Michael","0.144226990888189","64","19787"
"21","Dominguez, Michael","0.142104606067404","80","19803"
"21","Dominguez, Michael","0.139907913240056","96","19819"
"21","Dominguez, Michael","0.132941362890918","112","19835"
"21","Dominguez, Michael","0.124263812168049","128","19851"
"21","Dominguez, Michael","0.116444504716889","143","19866"
"21","Dominguez, Michael","0.110056240835768","159","19882"
"21","Dominguez, Michael","0.0984219066711396","175","19898"
"21","Dominguez, Michael","0.0876657673516346","191","19914"
"21","Dominguez, Michael","0.0799446961564714","207","19930"
"21","Dominguez, Michael","0.0671572992797338","223","19946"
"21","Dominguez, Michael","0.0567183183300474","238","19961"
"21","Dominguez, Michael","0.0485470065268427","254","19977"
"21","Dominguez, Michael","0.0415524099711361","270","19993"
"21","Dominguez, Michael","0.0332212915978895","286","20009"
"21","Dominguez, Michael","0.0260248453786442","302","20025"
"21","Dominguez, Michael","0.0205459757624081","318","20041"
"21","Dominguez, Michael","0.018008439894615","333","20056"
"21","Dominguez, Michael","0.0133221891463275","349","20072"
"21","Dominguez, Michael","0.00967647890933675","365","20088"
"22","Delgadillo Castilla, Brandon","0.0622712733867539","1","19724"
"22","Delgadillo Castilla, Brandon","0.0689149381104888","17","19740"
"22","Delgadillo Castilla, Brandon","0.0741233242690844","33","19756"
"22","Delgadillo Castilla, Brandon","0.0804653496130412","48","19771"
"22","Delgadillo Castilla, Brandon","0.0881636021087121","64","19787"
"22","Delgadillo Castilla, Brandon","0.0894545980279424","80","19803"
"22","Delgadillo Castilla, Brandon","0.0924558558226851","96","19819"
"22","Delgadillo Castilla, Brandon","0.0918368777680986","112","19835"
"22","Delgadillo Castilla, Brandon","0.0927784003059587","128","19851"
"22","Delgadillo Castilla, Brandon","0.0885432148402124","143","19866"
"22","Delgadillo Castilla, Brandon","0.0855977024993309","159","19882"
"22","Delgadillo Castilla, Brandon","0.079859922692664","175","19898"
"22","Delgadillo Castilla, Brandon","0.0742691175953201","191","19914"
"22","Delgadillo Castilla, Brandon","0.0676635080620057","207","19930"
"22","Delgadillo Castilla, Brandon","0.0598478466426217","223","19946"
"22","Delgadillo Castilla, Brandon","0.0509584568554651","238","19961"
"22","Delgadillo Castilla, Brandon","0.0449682129046444","254","19977"
"22","Delgadillo Castilla, Brandon","0.0394365192986761","270","19993"
"22","Delgadillo Castilla, Brandon","0.0322401228890028","286","20009"
"22","Delgadillo Castilla, Brandon","0.0252343582477435","302","20025"
"22","Delgadillo Castilla, Brandon","0.0211984751075282","318","20041"
"22","Delgadillo Castilla, Brandon","0.0157399457735798","333","20056"
"22","Delgadillo Castilla, Brandon","0.0117212131786307","349","20072"
"22","Delgadillo Castilla, Brandon","0.00751031651961893","365","20088"
"23","Sanchez, Walter","0.148886811855725","1","19724"
"23","Sanchez, Walter","0.16152203839696","17","19740"
"23","Sanchez, Walter","0.171314543155471","33","19756"
"23","Sanchez, Walter","0.179437493293112","48","19771"
"23","Sanchez, Walter","0.18563785591285","64","19787"
"23","Sanchez, Walter","0.193249985929923","80","19803"
"23","Sanchez, Walter","0.19372771003556","96","19819"
"23","Sanchez, Walter","0.195626107669774","112","19835"
"23","Sanchez, Walter","0.19410820795097","128","19851"
"23","Sanchez, Walter","0.192447581690694","143","19866"
"23","Sanchez, Walter","0.187894369937452","159","19882"
"23","Sanchez, Walter","0.182631892360485","175","19898"
"23","Sanchez, Walter","0.176528682705874","191","19914"
"23","Sanchez, Walter","0.165784113721214","207","19930"
"23","Sanchez, Walter","0.153599631676127","223","19946"
"23","Sanchez, Walter","0.141641464037444","238","19961"
"23","Sanchez, Walter","0.129999126709555","254","19977"
"23","Sanchez, Walter","0.117667375220154","270","19993"
"23","Sanchez, Walter","0.104284540951563","286","20009"
"23","Sanchez, Walter","0.0919701796583281","302","20025"
"23","Sanchez, Walter","0.0806435186328132","318","20041"
"23","Sanchez, Walter","0.0666199495439292","333","20056"
"23","Sanchez, Walter","0.056869003274595","349","20072"
"23","Sanchez, Walter","0.0463918588152428","365","20088"
"24","Sorto, Oscar","0.0826992054581542","1","19724"
"24","Sorto, Oscar","0.0911675087288766","17","19740"
"24","Sorto, Oscar","0.101909405812448","33","19756"
"24","Sorto, Oscar","0.110595689279891","48","19771"
"24","Sorto, Oscar","0.122771202903117","64","19787"
"24","Sorto, Oscar","0.132224279910141","80","19803"
"24","Sorto, Oscar","0.140524788181735","96","19819"
"24","Sorto, Oscar","0.149211895972383","112","19835"
"24","Sorto, Oscar","0.156650644939017","128","19851"
"24","Sorto, Oscar","0.158429348996222","143","19866"
"24","Sorto, Oscar","0.163169206456408","159","19882"
"24","Sorto, Oscar","0.16566097225905","175","19898"
"24","Sorto, Oscar","0.16873693086049","191","19914"
"24","Sorto, Oscar","0.167494804676923","207","19930"
"24","Sorto, Oscar","0.16395086685097","223","19946"
"24","Sorto, Oscar","0.161109360492198","238","19961"
"24","Sorto, Oscar","0.154907364607891","254","19977"
"24","Sorto, Oscar","0.14904173172551","270","19993"
"24","Sorto, Oscar","0.140118325365709","286","20009"
"24","Sorto, Oscar","0.130976549959101","302","20025"
"24","Sorto, Oscar","0.120933629695036","318","20041"
"24","Sorto, Oscar","0.114277374017899","333","20056"
"24","Sorto, Oscar","0.10271123129123","349","20072"
"24","Sorto, Oscar","0.0924251828309097","365","20088"
"25","Macias, Alfredo","0.104606183456468","1","19724"
"25","Macias, Alfredo","0.126412469200547","17","19740"
"25","Macias, Alfredo","0.148233526226197","33","19756"
"25","Macias, Alfredo","0.16879574011638","48","19771"
"25","Macias, Alfredo","0.192299743129166","64","19787"
"25","Macias, Alfredo","0.213670232363775","80","19803"
"25","Macias, Alfredo","0.233845677233741","96","19819"
"25","Macias, Alfredo","0.251250601605704","112","19835"
"25","Macias, Alfredo","0.267043054970538","128","19851"
"25","Macias, Alfredo","0.28108110549276","143","19866"
"25","Macias, Alfredo","0.290980868367466","159","19882"
"25","Macias, Alfredo","0.297826343497126","175","19898"
"25","Macias, Alfredo","0.302169420699192","191","19914"
"25","Macias, Alfredo","0.30160871978529","207","19930"
"25","Macias, Alfredo","0.298832615507608","223","19946"
"25","Macias, Alfredo","0.291901308145314","238","19961"
"25","Macias, Alfredo","0.279501459391547","254","19977"
"25","Macias, Alfredo","0.269411489004367","270","19993"
"25","Macias, Alfredo","0.25118313064615","286","20009"
"25","Macias, Alfredo","0.231593711010541","302","20025"
"25","Macias, Alfredo","0.211609909798681","318","20041"
"25","Macias, Alfredo","0.191188694755168","333","20056"
"25","Macias, Alfredo","0.172522376253879","349","20072"
"25","Macias, Alfredo","0.146364056503153","365","20088"
"26","Duran, Kyle","0.0926007717425342","1","19724"
"26","Duran, Kyle","0.0955197712889466","17","19740"
"26","Duran, Kyle","0.0977811787105584","33","19756"
"26","Duran, Kyle","0.0955879329075923","48","19771"
"26","Duran, Kyle","0.0947589557776549","64","19787"
"26","Duran, Kyle","0.089835051733184","80","19803"
"26","Duran, Kyle","0.0860850249391178","96","19819"
"26","Duran, Kyle","0.0792413637143043","112","19835"
"26","Duran, Kyle","0.0718645215106573","128","19851"
"26","Duran, Kyle","0.0657408340980965","143","19866"
"26","Duran, Kyle","0.0585934408264906","159","19882"
"26","Duran, Kyle","0.0520961652494322","175","19898"
"26","Duran, Kyle","0.0448676753836952","191","19914"
"26","Duran, Kyle","0.0359453602553469","207","19930"
"26","Duran, Kyle","0.0301081736420885","223","19946"
"26","Duran, Kyle","0.0245708475808168","238","19961"
"26","Duran, Kyle","0.0173108502060024","254","19977"
"26","Duran, Kyle","0.0151948122197853","270","19993"
"26","Duran, Kyle","0.0102085644232037","286","20009"
"26","Duran, Kyle","0.00716290536224057","302","20025"
"26","Duran, Kyle","0.00635327985148939","318","20041"
"26","Duran, Kyle","0.00646354255207095","333","20056"
"26","Duran, Kyle","0.00503360782981362","349","20072"
"26","Duran, Kyle","0.00366728734606249","365","20088"
"27","Saucedo, Sylvia","0.0109085375888273","1","19724"
"27","Saucedo, Sylvia","0.0118838090401452","17","19740"
"27","Saucedo, Sylvia","0.0135155843434973","33","19756"
"27","Saucedo, Sylvia","0.0144062458419184","48","19771"
"27","Saucedo, Sylvia","0.0150120917438237","64","19787"
"27","Saucedo, Sylvia","0.0145349708489477","80","19803"
"27","Saucedo, Sylvia","0.0177091241235831","96","19819"
"27","Saucedo, Sylvia","0.0183120746973398","112","19835"
"27","Saucedo, Sylvia","0.0201167919186388","128","19851"
"27","Saucedo, Sylvia","0.0209110815001245","143","19866"
"27","Saucedo, Sylvia","0.0237150784750344","159","19882"
"27","Saucedo, Sylvia","0.0249630774502083","175","19898"
"27","Saucedo, Sylvia","0.0274636689460038","191","19914"
"27","Saucedo, Sylvia","0.0304401995731712","207","19930"
"27","Saucedo, Sylvia","0.0321953957252343","223","19946"
"27","Saucedo, Sylvia","0.0340201327592305","238","19961"
"27","Saucedo, Sylvia","0.0374738311245016","254","19977"
"27","Saucedo, Sylvia","0.0390213486700187","270","19993"
"27","Saucedo, Sylvia","0.0419637172939441","286","20009"
"27","Saucedo, Sylvia","0.0443576384499186","302","20025"
"27","Saucedo, Sylvia","0.0454515360467561","318","20041"
"27","Saucedo, Sylvia","0.0496355484181073","333","20056"
"27","Saucedo, Sylvia","0.0549413862824004","349","20072"
"27","Saucedo, Sylvia","0.0568887305521734","365","20088"
"28","Munoz, Jasmine","0.579656644487684","1","19724"
"28","Munoz, Jasmine","0.582008400267975","17","19740"
"28","Munoz, Jasmine","0.579344078706404","33","19756"
"28","Munoz, Jasmine","0.573338936001952","48","19771"
"28","Munoz, Jasmine","0.565281383012537","64","19787"
"28","Munoz, Jasmine","0.550976645028487","80","19803"
"28","Munoz, Jasmine","0.534093329060932","96","19819"
"28","Munoz, Jasmine","0.511809285582345","112","19835"
"28","Munoz, Jasmine","0.485583951449192","128","19851"
"28","Munoz, Jasmine","0.460373736911077","143","19866"
"28","Munoz, Jasmine","0.427470347903282","159","19882"
"28","Munoz, Jasmine","0.389042686836884","175","19898"
"28","Munoz, Jasmine","0.350493826953506","191","19914"
"28","Munoz, Jasmine","0.312167093806124","207","19930"
"28","Munoz, Jasmine","0.269899532252747","223","19946"
"28","Munoz, Jasmine","0.233314124395853","238","19961"
"28","Munoz, Jasmine","0.193997950210571","254","19977"
"28","Munoz, Jasmine","0.160532953459512","270","19993"
"28","Munoz, Jasmine","0.128671667714123","286","20009"
"28","Munoz, Jasmine","0.10130795114558","302","20025"
"28","Munoz, Jasmine","0.0752845024958628","318","20041"
"28","Munoz, Jasmine","0.0594704827785158","333","20056"
"28","Munoz, Jasmine","0.0431906841155732","349","20072"
"28","Munoz, Jasmine","0.0304168219813088","365","20088"
"29","Pezo Bordo, Kalista","0.0603300788843606","1","19724"
"29","Pezo Bordo, Kalista","0.0653875121640781","17","19740"
"29","Pezo Bordo, Kalista","0.0705019545933006","33","19756"
"29","Pezo Bordo, Kalista","0.0735081722461711","48","19771"
"29","Pezo Bordo, Kalista","0.0753641588739423","64","19787"
"29","Pezo Bordo, Kalista","0.0796054420761596","80","19803"
"29","Pezo Bordo, Kalista","0.0777153835054013","96","19819"
"29","Pezo Bordo, Kalista","0.0786979760133674","112","19835"
"29","Pezo Bordo, Kalista","0.0774961996029362","128","19851"
"29","Pezo Bordo, Kalista","0.0754949404757084","143","19866"
"29","Pezo Bordo, Kalista","0.0720213703759527","159","19882"
"29","Pezo Bordo, Kalista","0.0691033056172782","175","19898"
"29","Pezo Bordo, Kalista","0.0611371758681935","191","19914"
"29","Pezo Bordo, Kalista","0.0561691869558817","207","19930"
"29","Pezo Bordo, Kalista","0.0503825268182738","223","19946"
"29","Pezo Bordo, Kalista","0.0456513011182977","238","19961"
"29","Pezo Bordo, Kalista","0.0401536553878287","254","19977"
"29","Pezo Bordo, Kalista","0.0356848553782664","270","19993"
"29","Pezo Bordo, Kalista","0.0282933885162152","286","20009"
"29","Pezo Bordo, Kalista","0.0251664626136916","302","20025"
"29","Pezo Bordo, Kalista","0.0190421156874986","318","20041"
"29","Pezo Bordo, Kalista","0.0173114350529368","333","20056"
"29","Pezo Bordo, Kalista","0.0137685911091596","349","20072"
"29","Pezo Bordo, Kalista","0.01154658974936","365","20088"
"30","Salazar, Jeremy","0.000423589878707889","1","19724"
"30","Salazar, Jeremy","0.00171207165741315","17","19740"
"30","Salazar, Jeremy","0.00168045527297205","33","19756"
"30","Salazar, Jeremy","0.00220555109483133","48","19771"
"30","Salazar, Jeremy","0.00225177014962333","64","19787"
"30","Salazar, Jeremy","0.00143774316509247","80","19803"
"30","Salazar, Jeremy","0.00292712476055128","96","19819"
"30","Salazar, Jeremy","0.00603608129156437","112","19835"
"30","Salazar, Jeremy","0.00688149438099971","128","19851"
"30","Salazar, Jeremy","0.00642328481223339","143","19866"
"30","Salazar, Jeremy","0.0079619455757579","159","19882"
"30","Salazar, Jeremy","0.0103877968355425","175","19898"
"30","Salazar, Jeremy","0.0104786759510282","191","19914"
"30","Salazar, Jeremy","0.0149662345099858","207","19930"
"30","Salazar, Jeremy","0.0154303697996288","223","19946"
"30","Salazar, Jeremy","0.0169547921015738","238","19961"
"30","Salazar, Jeremy","0.0202489558153042","254","19977"
"30","Salazar, Jeremy","0.0239478764420995","270","19993"
"30","Salazar, Jeremy","0.0268877167613017","286","20009"
"30","Salazar, Jeremy","0.0294189458132632","302","20025"
"30","Salazar, Jeremy","0.0349200736960272","318","20041"
"30","Salazar, Jeremy","0.0392130766771321","333","20056"
"30","Salazar, Jeremy","0.04303751593508","349","20072"
"30","Salazar, Jeremy","0.0474812998168056","365","20088"
"31","Griego, Jackeline","0.00313103001764545","1","19724"
"31","Griego, Jackeline","0.00623304666582745","17","19740"
"31","Griego, Jackeline","0.00802275267868992","33","19756"
"31","Griego, Jackeline","0.00858917559138965","48","19771"
"31","Griego, Jackeline","0.011969079873663","64","19787"
"31","Griego, Jackeline","0.0139725412419054","80","19803"
"31","Griego, Jackeline","0.0173981208122473","96","19819"
"31","Griego, Jackeline","0.0218538207183209","112","19835"
"31","Griego, Jackeline","0.0305602040997747","128","19851"
"31","Griego, Jackeline","0.0354100638657856","143","19866"
"31","Griego, Jackeline","0.0454136331952679","159","19882"
"31","Griego, Jackeline","0.0583397224159842","175","19898"
"31","Griego, Jackeline","0.0742594145003247","191","19914"
"31","Griego, Jackeline","0.0912351843297589","207","19930"
"31","Griego, Jackeline","0.113549085416203","223","19946"
"31","Griego, Jackeline","0.137295912426888","238","19961"
"31","Griego, Jackeline","0.167137326198469","254","19977"
"31","Griego, Jackeline","0.203348606457064","270","19993"
"31","Griego, Jackeline","0.244609998166929","286","20009"
"31","Griego, Jackeline","0.287706677683584","302","20025"
"31","Griego, Jackeline","0.336858955931616","318","20041"
"31","Griego, Jackeline","0.385841667118885","333","20056"
"31","Griego, Jackeline","0.440400078410362","349","20072"
"31","Griego, Jackeline","0.493510662569499","365","20088"
"32","Gauna, Miranda","0.0173625443338628","1","19724"
"32","Gauna, Miranda","0.0196528690581012","17","19740"
"32","Gauna, Miranda","0.01999614792471","33","19756"
"32","Gauna, Miranda","0.0219359094784891","48","19771"
"32","Gauna, Miranda","0.0255364361991085","64","19787"
"32","Gauna, Miranda","0.0275676240858245","80","19803"
"32","Gauna, Miranda","0.0276057296442942","96","19819"
"32","Gauna, Miranda","0.0304122046145733","112","19835"
"32","Gauna, Miranda","0.0326397326463216","128","19851"
"32","Gauna, Miranda","0.0351957113290615","143","19866"
"32","Gauna, Miranda","0.0382273866097892","159","19882"
"32","Gauna, Miranda","0.0395546231014457","175","19898"
"32","Gauna, Miranda","0.0443007035147789","191","19914"
"32","Gauna, Miranda","0.0446979296260376","207","19930"
"32","Gauna, Miranda","0.0470974667365527","223","19946"
"32","Gauna, Miranda","0.0494606675340539","238","19961"
"32","Gauna, Miranda","0.0513814517732518","254","19977"
"32","Gauna, Miranda","0.0553874071539873","270","19993"
"32","Gauna, Miranda","0.0552647324219608","286","20009"
"32","Gauna, Miranda","0.0546410709118824","302","20025"
"32","Gauna, Miranda","0.0569179047732556","318","20041"
"32","Gauna, Miranda","0.0572042566865781","333","20056"
"32","Gauna, Miranda","0.0585781028183651","349","20072"
"32","Gauna, Miranda","0.0565527946014478","365","20088"
"33","Archuleta, Roberto","0.0109045973093583","1","19724"
"33","Archuleta, Roberto","0.0131753630346607","17","19740"
"33","Archuleta, Roberto","0.0174199905498394","33","19756"
"33","Archuleta, Roberto","0.0164489547208625","48","19771"
"33","Archuleta, Roberto","0.0185909648366065","64","19787"
"33","Archuleta, Roberto","0.0223238480943243","80","19803"
"33","Archuleta, Roberto","0.0230171238618335","96","19819"
"33","Archuleta, Roberto","0.0248003773101999","112","19835"
"33","Archuleta, Roberto","0.026967356724921","128","19851"
"33","Archuleta, Roberto","0.0311903400591076","143","19866"
"33","Archuleta, Roberto","0.0324038063921354","159","19882"
"33","Archuleta, Roberto","0.0349744131198817","175","19898"
"33","Archuleta, Roberto","0.0373771734185632","191","19914"
"33","Archuleta, Roberto","0.0387718512909593","207","19930"
"33","Archuleta, Roberto","0.0410877459275088","223","19946"
"33","Archuleta, Roberto","0.0418858625639649","238","19961"
"33","Archuleta, Roberto","0.0448251208463558","254","19977"
"33","Archuleta, Roberto","0.0465240070036638","270","19993"
"33","Archuleta, Roberto","0.0483872468973527","286","20009"
"33","Archuleta, Roberto","0.0496451018628381","302","20025"
"33","Archuleta, Roberto","0.0499958107846157","318","20041"
"33","Archuleta, Roberto","0.052061814773003","333","20056"
"33","Archuleta, Roberto","0.0511945353311589","349","20072"
"33","Archuleta, Roberto","0.050580900174594","365","20088"
"34","Alvarado, Makyla","0.031136405887499","1","19724"
"34","Alvarado, Makyla","0.0408137097830526","17","19740"
"34","Alvarado, Makyla","0.0451462240707254","33","19756"
"34","Alvarado, Makyla","0.0543921766047045","48","19771"
"34","Alvarado, Makyla","0.0641825745218787","64","19787"
"34","Alvarado, Makyla","0.0738939662080098","80","19803"
"34","Alvarado, Makyla","0.0832221530995413","96","19819"
"34","Alvarado, Makyla","0.0899123134344343","112","19835"
"34","Alvarado, Makyla","0.0986513494555944","128","19851"
"34","Alvarado, Makyla","0.105874293910275","143","19866"
"34","Alvarado, Makyla","0.111148774033533","159","19882"
"34","Alvarado, Makyla","0.113524446885857","175","19898"
"34","Alvarado, Makyla","0.115271826920347","191","19914"
"34","Alvarado, Makyla","0.117610972751457","207","19930"
"34","Alvarado, Makyla","0.111489027672938","223","19946"
"34","Alvarado, Makyla","0.110511203230633","238","19961"
"34","Alvarado, Makyla","0.103826765604531","254","19977"
"34","Alvarado, Makyla","0.0986518937913179","270","19993"
"34","Alvarado, Makyla","0.0897384514755986","286","20009"
"34","Alvarado, Makyla","0.0824589567999589","302","20025"
"34","Alvarado, Makyla","0.072451700137855","318","20041"
"34","Alvarado, Makyla","0.0640764706210994","333","20056"
"34","Alvarado, Makyla","0.0552116548817911","349","20072"
"34","Alvarado, Makyla","0.0474443063328253","365","20088"
"35","Arias, Vanessa","0.00799128095808319","1","19724"
"35","Arias, Vanessa","0.0108647290735086","17","19740"
"35","Arias, Vanessa","0.0116514384851349","33","19756"
"35","Arias, Vanessa","0.0143654243452594","48","19771"
"35","Arias, Vanessa","0.0153744283411731","64","19787"
"35","Arias, Vanessa","0.0172083922458637","80","19803"
"35","Arias, Vanessa","0.0191923609420275","96","19819"
"35","Arias, Vanessa","0.0197091191314801","112","19835"
"35","Arias, Vanessa","0.0205837512536376","128","19851"
"35","Arias, Vanessa","0.0221184024892478","143","19866"
"35","Arias, Vanessa","0.0241346695197067","159","19882"
"35","Arias, Vanessa","0.0252603613368563","175","19898"
"35","Arias, Vanessa","0.0250189621917396","191","19914"
"35","Arias, Vanessa","0.0240234508849556","207","19930"
"35","Arias, Vanessa","0.0254109960099469","223","19946"
"35","Arias, Vanessa","0.0256849898695972","238","19961"
"35","Arias, Vanessa","0.0245596911196279","254","19977"
"35","Arias, Vanessa","0.0245149461886022","270","19993"
"35","Arias, Vanessa","0.0235911319012866","286","20009"
"35","Arias, Vanessa","0.0214068171664785","302","20025"
"35","Arias, Vanessa","0.0195736983779395","318","20041"
"35","Arias, Vanessa","0.0201743888708236","333","20056"
"35","Arias, Vanessa","0.0177509679926947","349","20072"
"35","Arias, Vanessa","0.0175849147274492","365","20088"
"36","Lucero, Josue","0.00940581292546584","1","19724"
"36","Lucero, Josue","0.0118225165602142","17","19740"
"36","Lucero, Josue","0.0141036635208536","33","19756"
"36","Lucero, Josue","0.0181236935126336","48","19771"
"36","Lucero, Josue","0.0216637356948337","64","19787"
"36","Lucero, Josue","0.0250908314325443","80","19803"
"36","Lucero, Josue","0.0255301791927731","96","19819"
"36","Lucero, Josue","0.029259017680084","112","19835"
"36","Lucero, Josue","0.0336562219256856","128","19851"
"36","Lucero, Josue","0.0336583188989569","143","19866"
"36","Lucero, Josue","0.0365243948155251","159","19882"
"36","Lucero, Josue","0.0383966593610352","175","19898"
"36","Lucero, Josue","0.0402545410489631","191","19914"
"36","Lucero, Josue","0.0431760552657687","207","19930"
"36","Lucero, Josue","0.0391828803360118","223","19946"
"36","Lucero, Josue","0.041602448939847","238","19961"
"36","Lucero, Josue","0.0382986037555109","254","19977"
"36","Lucero, Josue","0.0366528099041243","270","19993"
"36","Lucero, Josue","0.0346090095049592","286","20009"
"36","Lucero, Josue","0.0317815497422139","302","20025"
"36","Lucero, Josue","0.0295158134382398","318","20041"
"36","Lucero, Josue","0.0256401676134366","333","20056"
"36","Lucero, Josue","0.0229056086211855","349","20072"
"36","Lucero, Josue","0.020496983523231","365","20088"
"37","Palomar, Maricella","0.0227535369642808","1","19724"
"37","Palomar, Maricella","0.0257124807043549","17","19740"
"37","Palomar, Maricella","0.0279378430840806","33","19756"
"37","Palomar, Maricella","0.0293457186907402","48","19771"
"37","Palomar, Maricella","0.0305254066903433","64","19787"
"37","Palomar, Maricella","0.0340671157456834","80","19803"
"37","Palomar, Maricella","0.0366383257289981","96","19819"
"37","Palomar, Maricella","0.0356358494108619","112","19835"
"37","Palomar, Maricella","0.0352393621821571","128","19851"
"37","Palomar, Maricella","0.0362711814967507","143","19866"
"37","Palomar, Maricella","0.035459160300292","159","19882"
"37","Palomar, Maricella","0.0363153167077067","175","19898"
"37","Palomar, Maricella","0.0324864946682009","191","19914"
"37","Palomar, Maricella","0.0290865765236893","207","19930"
"37","Palomar, Maricella","0.0274575741707249","223","19946"
"37","Palomar, Maricella","0.0250310725276541","238","19961"
"37","Palomar, Maricella","0.0216641869780814","254","19977"
"37","Palomar, Maricella","0.0210195108264271","270","19993"
"37","Palomar, Maricella","0.0173569589076489","286","20009"
"37","Palomar, Maricella","0.0135152444784007","302","20025"
"37","Palomar, Maricella","0.0110977205068793","318","20041"
"37","Palomar, Maricella","0.00950215641225187","333","20056"
"37","Palomar, Maricella","0.0077880423873775","349","20072"
"37","Palomar, Maricella","0.00725593209141455","365","20088"
"38","Alcon, George","0.0211901192885919","1","19724"
"38","Alcon, George","0.0238895429905474","17","19740"
"38","Alcon, George","0.0305846842436998","33","19756"
"38","Alcon, George","0.0375981644498906","48","19771"
"38","Alcon, George","0.045855971148902","64","19787"
"38","Alcon, George","0.0526890596441245","80","19803"
"38","Alcon, George","0.06248707351749","96","19819"
"38","Alcon, George","0.0730189684450021","112","19835"
"38","Alcon, George","0.0842760416288615","128","19851"
"38","Alcon, George","0.097085605000835","143","19866"
"38","Alcon, George","0.111651624769749","159","19882"
"38","Alcon, George","0.122160829735377","175","19898"
"38","Alcon, George","0.137940814205614","191","19914"
"38","Alcon, George","0.152268839349899","207","19930"
"38","Alcon, George","0.168219805143408","223","19946"
"38","Alcon, George","0.181394515800843","238","19961"
"38","Alcon, George","0.1965931572248","254","19977"
"38","Alcon, George","0.212092416834883","270","19993"
"38","Alcon, George","0.225375959951556","286","20009"
"38","Alcon, George","0.23950404119366","302","20025"
"38","Alcon, George","0.249375665805484","318","20041"
"38","Alcon, George","0.260754506296228","333","20056"
"38","Alcon, George","0.273513196840857","349","20072"
"38","Alcon, George","0.2788589345934","365","20088"
"39","Medina, Kevin","0.0248779885159264","1","19724"
"39","Medina, Kevin","0.031643478797855","17","19740"
"39","Medina, Kevin","0.0379195545989463","33","19756"
"39","Medina, Kevin","0.0456935932049342","48","19771"
"39","Medina, Kevin","0.0508322908360356","64","19787"
"39","Medina, Kevin","0.057540581134944","80","19803"
"39","Medina, Kevin","0.0648931312800276","96","19819"
"39","Medina, Kevin","0.0719231978416356","112","19835"
"39","Medina, Kevin","0.0761211028050646","128","19851"
"39","Medina, Kevin","0.079440640917813","143","19866"
"39","Medina, Kevin","0.0820882809664945","159","19882"
"39","Medina, Kevin","0.0876551260256142","175","19898"
"39","Medina, Kevin","0.0868251123874891","191","19914"
"39","Medina, Kevin","0.0851277534107751","207","19930"
"39","Medina, Kevin","0.0817787748654066","223","19946"
"39","Medina, Kevin","0.0799976724569418","238","19961"
"39","Medina, Kevin","0.0761268007044964","254","19977"
"39","Medina, Kevin","0.0698379356104443","270","19993"
"39","Medina, Kevin","0.0630151033736636","286","20009"
"39","Medina, Kevin","0.0568311201122612","302","20025"
"39","Medina, Kevin","0.0515125469309758","318","20041"
"39","Medina, Kevin","0.0454360614074543","333","20056"
"39","Medina, Kevin","0.036499200031159","349","20072"
"39","Medina, Kevin","0.0318746203841452","365","20088"
"40","Pecina, Sara","0.0130600105235794","1","19724"
"40","Pecina, Sara","0.0152302074573967","17","19740"
"40","Pecina, Sara","0.0149245454730052","33","19756"
"40","Pecina, Sara","0.0159113550336498","48","19771"
"40","Pecina, Sara","0.0175563986227548","64","19787"
"40","Pecina, Sara","0.0220492377024242","80","19803"
"40","Pecina, Sara","0.0192090775328682","96","19819"
"40","Pecina, Sara","0.0220868133697705","112","19835"
"40","Pecina, Sara","0.0242168973336436","128","19851"
"40","Pecina, Sara","0.0240469136890098","143","19866"
"40","Pecina, Sara","0.0238064935468589","159","19882"
"40","Pecina, Sara","0.0254169053163229","175","19898"
"40","Pecina, Sara","0.0254456993566421","191","19914"
"40","Pecina, Sara","0.0256002553505421","207","19930"
"40","Pecina, Sara","0.0264655543846478","223","19946"
"40","Pecina, Sara","0.024316833404477","238","19961"
"40","Pecina, Sara","0.0263873872045037","254","19977"
"40","Pecina, Sara","0.0239991401176003","270","19993"
"40","Pecina, Sara","0.0250000107980424","286","20009"
"40","Pecina, Sara","0.0240589047176011","302","20025"
"40","Pecina, Sara","0.0215618027157176","318","20041"
"40","Pecina, Sara","0.0192908175139709","333","20056"
"40","Pecina, Sara","0.0199403207356714","349","20072"
"40","Pecina, Sara","0.0160867409851902","365","20088"
"41","Mendoza, Pamela","0.00247010701867811","1","19724"
"41","Mendoza, Pamela","0.00347597862790164","17","19740"
"41","Mendoza, Pamela","0.00637653191645844","33","19756"
"41","Mendoza, Pamela","0.00863252094716948","48","19771"
"41","Mendoza, Pamela","0.00948350405682522","64","19787"
"41","Mendoza, Pamela","0.0142412691419838","80","19803"
"41","Mendoza, Pamela","0.0197566594898357","96","19819"
"41","Mendoza, Pamela","0.0283893831884093","112","19835"
"41","Mendoza, Pamela","0.0381147963847858","128","19851"
"41","Mendoza, Pamela","0.0528967992681961","143","19866"
"41","Mendoza, Pamela","0.0720377841769176","159","19882"
"41","Mendoza, Pamela","0.0961818967817649","175","19898"
"41","Mendoza, Pamela","0.125053030212199","191","19914"
"41","Mendoza, Pamela","0.165023889334278","207","19930"
"41","Mendoza, Pamela","0.207045387962125","223","19946"
"41","Mendoza, Pamela","0.258840364373821","238","19961"
"41","Mendoza, Pamela","0.319095007425291","254","19977"
"41","Mendoza, Pamela","0.382559903310666","270","19993"
"41","Mendoza, Pamela","0.449288911865205","286","20009"
"41","Mendoza, Pamela","0.517361697594689","302","20025"
"41","Mendoza, Pamela","0.583463248477665","318","20041"
"41","Mendoza, Pamela","0.642963826882959","333","20056"
"41","Mendoza, Pamela","0.696906403559056","349","20072"
"41","Mendoza, Pamela","0.746389692299364","365","20088"
"42","Torres, Rachelle","0.00793567927982903","1","19724"
"42","Torres, Rachelle","0.00754495218124299","17","19740"
"42","Torres, Rachelle","0.00885214028895065","33","19756"
"42","Torres, Rachelle","0.0113276550126979","48","19771"
"42","Torres, Rachelle","0.0124307568012477","64","19787"
"42","Torres, Rachelle","0.0118237453915644","80","19803"
"42","Torres, Rachelle","0.0133069043022188","96","19819"
"42","Torres, Rachelle","0.0154668642105191","112","19835"
"42","Torres, Rachelle","0.0141323496838008","128","19851"
"42","Torres, Rachelle","0.0147391950336744","143","19866"
"42","Torres, Rachelle","0.0135813975889454","159","19882"
"42","Torres, Rachelle","0.016110739409773","175","19898"
"42","Torres, Rachelle","0.0145918067153054","191","19914"
"42","Torres, Rachelle","0.015000857003236","207","19930"
"42","Torres, Rachelle","0.0163267772961926","223","19946"
"42","Torres, Rachelle","0.0138624953031976","238","19961"
"42","Torres, Rachelle","0.0124558503232118","254","19977"
"42","Torres, Rachelle","0.0139262074897549","270","19993"
"42","Torres, Rachelle","0.0119837708250195","286","20009"
"42","Torres, Rachelle","0.011371007779059","302","20025"
"42","Torres, Rachelle","0.0102556285227052","318","20041"
"42","Torres, Rachelle","0.0103520711612896","333","20056"
"42","Torres, Rachelle","0.00493005116531678","349","20072"
"42","Torres, Rachelle","0.00509862592297058","365","20088"
"43","Arteaga, Diego","0.118168234824583","1","19724"
"43","Arteaga, Diego","0.131713098871263","17","19740"
"43","Arteaga, Diego","0.143496510983592","33","19756"
"43","Arteaga, Diego","0.157109900690298","48","19771"
"43","Arteaga, Diego","0.165817873472225","64","19787"
"43","Arteaga, Diego","0.176607771663798","80","19803"
"43","Arteaga, Diego","0.183823320797326","96","19819"
"43","Arteaga, Diego","0.190350366118178","112","19835"
"43","Arteaga, Diego","0.191173991729778","128","19851"
"43","Arteaga, Diego","0.196289973903714","143","19866"
"43","Arteaga, Diego","0.192941516277643","159","19882"
"43","Arteaga, Diego","0.189619974537899","175","19898"
"43","Arteaga, Diego","0.185376730961186","191","19914"
"43","Arteaga, Diego","0.178709459058332","207","19930"
"43","Arteaga, Diego","0.168490946958814","223","19946"
"43","Arteaga, Diego","0.158405423528719","238","19961"
"43","Arteaga, Diego","0.148091289623858","254","19977"
"43","Arteaga, Diego","0.136196405737877","270","19993"
"43","Arteaga, Diego","0.121283196441068","286","20009"
"43","Arteaga, Diego","0.107574665752343","302","20025"
"43","Arteaga, Diego","0.0947293698781003","318","20041"
"43","Arteaga, Diego","0.0836838341347726","333","20056"
"43","Arteaga, Diego","0.070049096402016","349","20072"
"43","Arteaga, Diego","0.0611597610167399","365","20088"
"44","Rivera, Emilio","0.124632846468827","1","19724"
"44","Rivera, Emilio","0.130149233795662","17","19740"
"44","Rivera, Emilio","0.13449165053256","33","19756"
"44","Rivera, Emilio","0.137334697067942","48","19771"
"44","Rivera, Emilio","0.140110321822299","64","19787"
"44","Rivera, Emilio","0.143456599103106","80","19803"
"44","Rivera, Emilio","0.143899476957592","96","19819"
"44","Rivera, Emilio","0.146006821328388","112","19835"
"44","Rivera, Emilio","0.14685589576343","128","19851"
"44","Rivera, Emilio","0.145716169963329","143","19866"
"44","Rivera, Emilio","0.143128750590832","159","19882"
"44","Rivera, Emilio","0.142066999546203","175","19898"
"44","Rivera, Emilio","0.138533058224105","191","19914"
"44","Rivera, Emilio","0.134444564386067","207","19930"
"44","Rivera, Emilio","0.131283709289021","223","19946"
"44","Rivera, Emilio","0.125540120009286","238","19961"
"44","Rivera, Emilio","0.120822969713475","254","19977"
"44","Rivera, Emilio","0.113512665208691","270","19993"
"44","Rivera, Emilio","0.109009820561144","286","20009"
"44","Rivera, Emilio","0.102957758987145","302","20025"
"44","Rivera, Emilio","0.0957503352889371","318","20041"
"44","Rivera, Emilio","0.092764727709967","333","20056"
"44","Rivera, Emilio","0.0841350899057609","349","20072"
"44","Rivera, Emilio","0.0774556552006866","365","20088"
"45","Paz, Augustine","0.235741792636008","1","19724"
"45","Paz, Augustine","0.267730725812544","17","19740"
"45","Paz, Augustine","0.297837382271373","33","19756"
"45","Paz, Augustine","0.320548412953146","48","19771"
"45","Paz, Augustine","0.349146999726899","64","19787"
"45","Paz, Augustine","0.37015959705616","80","19803"
"45","Paz, Augustine","0.389301798058494","96","19819"
"45","Paz, Augustine","0.403816776239304","112","19835"
"45","Paz, Augustine","0.414520503092857","128","19851"
"45","Paz, Augustine","0.420863917855347","143","19866"
"45","Paz, Augustine","0.4246793599391","159","19882"
"45","Paz, Augustine","0.42066600547265","175","19898"
"45","Paz, Augustine","0.411784680121258","191","19914"
"45","Paz, Augustine","0.400292478748343","207","19930"
"45","Paz, Augustine","0.388365217128717","223","19946"
"45","Paz, Augustine","0.369019441387588","238","19961"
"45","Paz, Augustine","0.345963809463506","254","19977"
"45","Paz, Augustine","0.320719555482968","270","19993"
"45","Paz, Augustine","0.293843889260028","286","20009"
"45","Paz, Augustine","0.261895111424695","302","20025"
"45","Paz, Augustine","0.229787059905487","318","20041"
"45","Paz, Augustine","0.199999254444001","333","20056"
"45","Paz, Augustine","0.17021412046835","349","20072"
"45","Paz, Augustine","0.140417229305143","365","20088"
"46","Serrano, Angelica","0.00573142132475378","1","19724"
"46","Serrano, Angelica","0.00689436390738046","17","19740"
"46","Serrano, Angelica","0.00731566836563611","33","19756"
"46","Serrano, Angelica","0.00870354828805629","48","19771"
"46","Serrano, Angelica","0.00914010772059463","64","19787"
"46","Serrano, Angelica","0.0102673655803447","80","19803"
"46","Serrano, Angelica","0.00827762106215591","96","19819"
"46","Serrano, Angelica","0.00766950022557269","112","19835"
"46","Serrano, Angelica","0.00950477147853581","128","19851"
"46","Serrano, Angelica","0.00942202737553587","143","19866"
"46","Serrano, Angelica","0.00842369877860474","159","19882"
"46","Serrano, Angelica","0.00642277820117018","175","19898"
"46","Serrano, Angelica","0.00802339075725496","191","19914"
"46","Serrano, Angelica","0.00675617231707507","207","19930"
"46","Serrano, Angelica","0.00667072190870983","223","19946"
"46","Serrano, Angelica","0.00587227075353179","238","19961"
"46","Serrano, Angelica","0.00611088784836545","254","19977"
"46","Serrano, Angelica","0.00409653231828661","270","19993"
"46","Serrano, Angelica","0.00446586860208778","286","20009"
"46","Serrano, Angelica","0.00148480668775067","302","20025"
"46","Serrano, Angelica","0.00313728577060985","318","20041"
"46","Serrano, Angelica","0.00328611834037258","333","20056"
"46","Serrano, Angelica","0.000669456517139501","349","20072"
"46","Serrano, Angelica","0.00194778262596326","365","20088"
"47","Hernandez, Dianne","0.0135653589043893","1","19724"
"47","Hernandez, Dianne","0.0184184452625382","17","19740"
"47","Hernandez, Dianne","0.0215553273550891","33","19756"
"47","Hernandez, Dianne","0.0219805272105682","48","19771"
"47","Hernandez, Dianne","0.0238121655490821","64","19787"
"47","Hernandez, Dianne","0.0272781455460154","80","19803"
"47","Hernandez, Dianne","0.0310726263382926","96","19819"
"47","Hernandez, Dianne","0.0316027592159153","112","19835"
"47","Hernandez, Dianne","0.0345771089242679","128","19851"
"47","Hernandez, Dianne","0.0368166711143304","143","19866"
"47","Hernandez, Dianne","0.0379177449442694","159","19882"
"47","Hernandez, Dianne","0.0400763872805889","175","19898"
"47","Hernandez, Dianne","0.0404749898010049","191","19914"
"47","Hernandez, Dianne","0.0423166144818635","207","19930"
"47","Hernandez, Dianne","0.0433750438650014","223","19946"
"47","Hernandez, Dianne","0.0420168784246038","238","19961"
"47","Hernandez, Dianne","0.0420543810224701","254","19977"
"47","Hernandez, Dianne","0.0399739719725616","270","19993"
"47","Hernandez, Dianne","0.0399020656409373","286","20009"
"47","Hernandez, Dianne","0.0386166092128628","302","20025"
"47","Hernandez, Dianne","0.0366505002540505","318","20041"
"47","Hernandez, Dianne","0.0350813390111617","333","20056"
"47","Hernandez, Dianne","0.0319527410803342","349","20072"
"47","Hernandez, Dianne","0.0299851118776821","365","20088"
"48","Ortiz-Mejias, Adriana","0.00259246594082526","1","19724"
"48","Ortiz-Mejias, Adriana","0.00104265130039409","17","19740"
"48","Ortiz-Mejias, Adriana","0.00284129911721767","33","19756"
"48","Ortiz-Mejias, Adriana","0.00412259663447364","48","19771"
"48","Ortiz-Mejias, Adriana","0.00393649899754612","64","19787"
"48","Ortiz-Mejias, Adriana","0.00478121664742193","80","19803"
"48","Ortiz-Mejias, Adriana","0.00586250153080195","96","19819"
"48","Ortiz-Mejias, Adriana","0.00816517840748436","112","19835"
"48","Ortiz-Mejias, Adriana","0.00940977052128297","128","19851"
"48","Ortiz-Mejias, Adriana","0.0120342562979616","143","19866"
"48","Ortiz-Mejias, Adriana","0.0139854259828356","159","19882"
"48","Ortiz-Mejias, Adriana","0.0164307700271752","175","19898"
"48","Ortiz-Mejias, Adriana","0.0200850085081565","191","19914"
"48","Ortiz-Mejias, Adriana","0.0255322148087313","207","19930"
"48","Ortiz-Mejias, Adriana","0.0311719621959547","223","19946"
"48","Ortiz-Mejias, Adriana","0.0347940910029615","238","19961"
"48","Ortiz-Mejias, Adriana","0.0430964367780456","254","19977"
"48","Ortiz-Mejias, Adriana","0.0476080421891668","270","19993"
"48","Ortiz-Mejias, Adriana","0.0588377576046299","286","20009"
"48","Ortiz-Mejias, Adriana","0.0654574754974431","302","20025"
"48","Ortiz-Mejias, Adriana","0.0745522951862509","318","20041"
"48","Ortiz-Mejias, Adriana","0.0833782892572327","333","20056"
"48","Ortiz-Mejias, Adriana","0.0978911259901532","349","20072"
"48","Ortiz-Mejias, Adriana","0.111225825038481","365","20088"
"49","Martin, Erika","0.0671436110282851","1","19724"
"49","Martin, Erika","0.0763146551753573","17","19740"
"49","Martin, Erika","0.082351675630823","33","19756"
"49","Martin, Erika","0.0916726326419666","48","19771"
"49","Martin, Erika","0.0999101400389425","64","19787"
"49","Martin, Erika","0.107450631394891","80","19803"
"49","Martin, Erika","0.11184819483632","96","19819"
"49","Martin, Erika","0.120055389386071","112","19835"
"49","Martin, Erika","0.1238801968698","128","19851"
"49","Martin, Erika","0.125387330373142","143","19866"
"49","Martin, Erika","0.128829169949443","159","19882"
"49","Martin, Erika","0.132240482068839","175","19898"
"49","Martin, Erika","0.131511892610542","191","19914"
"49","Martin, Erika","0.128378522383619","207","19930"
"49","Martin, Erika","0.127416468079301","223","19946"
"49","Martin, Erika","0.122025879743871","238","19961"
"49","Martin, Erika","0.118399696154701","254","19977"
"49","Martin, Erika","0.112047015591059","270","19993"
"49","Martin, Erika","0.105343368345242","286","20009"
"49","Martin, Erika","0.0987503646959717","302","20025"
"49","Martin, Erika","0.0917135193753256","318","20041"
"49","Martin, Erika","0.0822336453532967","333","20056"
"49","Martin, Erika","0.0761742124990305","349","20072"
"49","Martin, Erika","0.067902162703165","365","20088"
"50","Suazo, Desiree","0.017095152017398","1","19724"
"50","Suazo, Desiree","0.0214923296945216","17","19740"
"50","Suazo, Desiree","0.0254117650881821","33","19756"
"50","Suazo, Desiree","0.0279044569655467","48","19771"
"50","Suazo, Desiree","0.0330858294207986","64","19787"
"50","Suazo, Desiree","0.0354742545394921","80","19803"
"50","Suazo, Desiree","0.041888569799574","96","19819"
"50","Suazo, Desiree","0.0436321197096696","112","19835"
"50","Suazo, Desiree","0.0461176801771276","128","19851"
"50","Suazo, Desiree","0.04709620322295","143","19866"
"50","Suazo, Desiree","0.0461366913460642","159","19882"
"50","Suazo, Desiree","0.0447568138435486","175","19898"
"50","Suazo, Desiree","0.0441757381907915","191","19914"
"50","Suazo, Desiree","0.0400084003421239","207","19930"
"50","Suazo, Desiree","0.0362991448333547","223","19946"
"50","Suazo, Desiree","0.0347932943098724","238","19961"
"50","Suazo, Desiree","0.028328375599917","254","19977"
"50","Suazo, Desiree","0.0284806873133302","270","19993"
"50","Suazo, Desiree","0.0215736422083304","286","20009"
"50","Suazo, Desiree","0.0181968108674466","302","20025"
"50","Suazo, Desiree","0.01485658459944","318","20041"
"50","Suazo, Desiree","0.0116603217751004","333","20056"
"50","Suazo, Desiree","0.0103632891457435","349","20072"
"50","Suazo, Desiree","0.00765643008364637","365","20088"
